id,title,artist,year,rank
8687,Bad Day,Daniel Powter,2006,1
8688,Temperature,Sean Paul,2006,2
8689,Promiscuous,Nelly Furtado Featuring Timbaland,2006,3
8690,You're Beautiful,James Blunt,2006,4
8691,Hips Don't Lie,Shakira Featuring Wyclef Jean,2006,5
8692,Unwritten,Natasha Bedingfield,2006,6
8693,Crazy,Gnarls Barkley,2006,7
8694,Ridin',Chamillionaire Featuring Krayzie Bone,2006,8
8695,SexyBack,Justin Timberlake,2006,9
8696,Check On It,Beyonce Featuring Slim Thug,2006,10
8697,Be Without You,Mary J. Blige,2006,11
8698,Grillz,"Nelly Featuring Paul Wall, Ali & Gipp",2006,12
8699,Over My Head (Cable Car),The Fray,2006,13
8700,Me & U,Cassie,2006,14
8701,Buttons,The Pussycat Dolls Featuring Snoop Dogg,2006,15
8702,Run It!,Chris Brown,2006,16
8703,So Sick,Ne-Yo,2006,17
8704,It's Goin' Down,Yung Joc,2006,18
8705,SOS,Rihanna,2006,19
8706,I Write Sins Not Tragedies,Panic! At The Disco,2006,20
8707,Move Along,The All-American Rejects,2006,21
8708,London Bridge,Fergie,2006,22
8709,Dani California,Red Hot Chili Peppers,2006,23
8710,Snap Yo Fingers,Lil Jon Featuring E-40 & Sean Paul Of The YoungBloodZ,2006,24
8711,"Lean Wit It, Rock Wit It",Dem Franchize Boyz Featuring Lil Peanut & Charlay,2006,25
8712,What Hurts The Most,Rascal Flatts,2006,26
8713,How To Save A Life,The Fray,2006,27
8714,Unfaithful,Rihanna,2006,28
8715,Chasing Cars,Snow Patrol,2006,29
8716,Lips Of An Angel,Hinder,2006,30
8717,Everytime We Touch,Cascada,2006,31
8718,Ain't No Other Man,Christina Aguilera,2006,32
8719,"Dance, Dance",Fall Out Boy,2006,33
8720,Gold Digger,Kanye West Featuring Jamie Foxx,2006,34
8721,Money Maker,Ludacris Featuring Pharrell,2006,35
8722,Ms. New Booty,Bubba Sparxxx Featuring Ying Yang Twins & Mr. ColliPark,2006,36
8723,(When You Gonna) Give It Up To Me,Sean Paul Featuring Keyshia Cole,2006,37
8724,Photograph,Nickelback,2006,38
8725,Because Of You,Kelly Clarkson,2006,39
8726,Stickwitu,The Pussycat Dolls,2006,40
8727,I'm N Luv (Wit A Stripper),T-Pain Featuring Mike Jones,2006,41
8728,My Humps,The Black Eyed Peas,2006,42
8729,Where'd You Go,Fort Minor Featuring Holly Brook,2006,43
8730,Yo (Excuse Me Miss),Chris Brown,2006,44
8731,Walk Away,Kelly Clarkson,2006,45
8732,Laffy Taffy,D4L,2006,46
8733,What You Know,T.I.,2006,47
8734,Dirty Little Secret,The All-American Rejects,2006,48
8735,Savin' Me,Nickelback,2006,49
8736,Don't Forget About Us,Mariah Carey,2006,50
8737,Sexy Love,Ne-Yo,2006,51
8738,U And Dat,E-40 Featuring T-Pain & Kandi Girl,2006,52
8739,Far Away,Nickelback,2006,53
8740,What's Left Of Me,Nick Lachey,2006,54
8741,So What,Field Mob Featuring Ciara,2006,55
8742,Do It To It,Cherish Featuring Sean Paul Of The YoungBloodZ,2006,56
8743,Black Horse & The Cherry Tree,KT Tunstall,2006,57
8744,There It Go! (The Whistle Song),Juelz Santana,2006,58
8745,Shoulder Lean,Young Dro Featuring T.I.,2006,59
8746,Unpredictable,Jamie Foxx Featuring Ludacris,2006,60
8747,My Love,Justin Timberlake Featuring T.I.,2006,61
8748,Shake That,Eminem Featuring Nate Dogg,2006,62
8749,Pullin' Me Back,Chingy Featuring Tyrese,2006,63
8750,Bossy,Kelis Featuring Too $hort,2006,64
8751,Chain Hang Low,Jibbs,2006,65
8752,Smack That,Akon Featuring Eminem,2006,66
8753,One Wish,Ray J,2006,67
8754,"Sugar, We're Goin' Down",Fall Out Boy,2006,68
8755,Gimme That,Chris Brown Featuring Lil Wayne,2006,69
8756,I Know You See It,Yung Joc Featuring Brandy 'Ms. B.' Hambrick,2006,70
8757,Who Says You Can't Go Home,Bon Jovi,2006,71
8758,Too Little Too Late,JoJo,2006,72
8759,Touch It,Busta Rhymes,2006,73
8760,Rompe,Daddy Yankee,2006,74
8761,Deja Vu,Beyonce Featuring Jay Z,2006,75
8762,Life Is A Highway,Rascal Flatts,2006,76
8763,Call Me When You're Sober,Evanescence,2006,77
8764,"Jesus, Take The Wheel",Carrie Underwood,2006,78
8765,Show Stopper,Danity Kane,2006,79
8766,Get Up,Ciara Featuring Chamillionaire,2006,80
8767,We Be Burnin',Sean Paul,2006,81
8768,Hate Me,Blue October,2006,82
8769,You And Me,Lifehouse,2006,83
8770,Beep,The Pussycat Dolls Featuring will.i.am,2006,84
8771,I Think They Like Me,"Dem Franchize Boyz Featuring Jermaine Dupri, Da Brat & Bow Wow",2006,85
8772,Say Goodbye,Chris Brown,2006,86
8773,Waiting On The World To Change,John Mayer,2006,87
8774,Soul Survivor,Young Jeezy Featuring Akon,2006,88
8775,Pump It,The Black Eyed Peas,2006,89
8776,When I'm Gone,Eminem,2006,90
8777,Hung Up,Madonna,2006,91
8778,Stay Fly,Three 6 Mafia Featuring Young Buck & Eightball & MJG,2006,92
8779,Love,Keyshia Cole,2006,93
8780,When You're Mad,Ne-Yo,2006,94
8781,Why You Wanna,T.I.,2006,95
8782,Stupid Girls,P!nk,2006,96
8783,Feel Good Inc,Gorillaz,2006,97
8784,I'm Sprung,T-Pain,2006,98
8785,Do I Make You Proud,Taylor Hicks,2006,99
8786,For You I Will (Confidence),Teddy Geiger,2006,100
8787,Irreplaceable,Beyonce,2007,1
8788,Umbrella,Rihanna Featuring Jay-Z,2007,2
8789,The Sweet Escape,Gwen Stefani Featuring Akon,2007,3
8790,Big Girls Don't Cry,Fergie,2007,4
9646,7/11,Beyonce,2015,61
8791,Buy U A Drank (Shawty Snappin'),T-Pain Featuring Yung Joc,2007,5
8792,Before He Cheats,Carrie Underwood,2007,6
8793,Hey There Delilah,Plain White T's,2007,7
8794,I Wanna Love You,Akon Featuring Snoop Dogg,2007,8
8795,Say It Right,Nelly Furtado,2007,9
8796,Glamorous,Fergie Featuring Ludacris,2007,10
8797,Don't Matter,Akon,2007,11
8798,Girlfriend,Avril Lavigne,2007,12
8799,Makes Me Wonder,Maroon 5,2007,13
8800,Party Like A Rockstar,Shop Boyz,2007,14
8801,Smack That,Akon Featuring Eminem,2007,15
8802,This Is Why I'm Hot,Mims,2007,16
8803,It's Not Over,Daughtry,2007,17
8804,The Way I Are,Timbaland Featuring Keri Hilson,2007,18
8805,Fergalicious,Fergie,2007,19
8806,Crank That (Soulja Boy),Soulja Boy Tell'em,2007,20
8807,Give It To Me,Timbaland Featuring Nelly Furtado & Justin Timberlake,2007,21
8808,What Goes Around...Comes Around,Justin Timberlake,2007,22
8809,Cupid's Chokehold/Breakfast In America,Gym Class Heroes Featuring Patrick Stump,2007,23
8810,How To Save A Life,The Fray,2007,24
8811,Home,Daughtry,2007,25
8812,My Love,Justin Timberlake Featuring T.I.,2007,26
8813,Stronger,Kanye West,2007,27
8814,We Fly High,Jim Jones,2007,28
8815,U + Ur Hand,P!nk,2007,29
8816,Walk It Out,Unk,2007,30
8817,Beautiful Girls,Sean Kingston,2007,31
8818,"This Ain't A Scene, It's An Arms Race",Fall Out Boy,2007,32
8819,Bartender,T-Pain Featuring Akon,2007,33
8820,"Pop, Lock & Drop It",Huey,2007,34
8821,Runaway Love,Ludacris Featuring Mary J. Blige,2007,35
8822,Rockstar,Nickelback,2007,36
8823,Thnks Fr Th Mmrs,Fall Out Boy,2007,37
8824,What I've Done,Linkin Park,2007,38
8825,Summer Love,Justin Timberlake,2007,39
8826,You,Lloyd Featuring Lil Wayne,2007,40
8827,Wait For You,Elliott Yamin,2007,41
8828,Last Night,Diddy Featuring Keyshia Cole,2007,42
8829,Make It Rain,Fat Joe Featuring Lil Wayne,2007,43
8830,Make Me Better,Fabolous Featuring Ne-Yo,2007,44
8831,Ice Box,Omarion,2007,45
8832,Lips Of An Angel,Hinder,2007,46
8833,Waiting On The World To Change,John Mayer,2007,47
8834,Lost Without U,Robin Thicke,2007,48
8836,If Everyone Cared,Nickelback,2007,50
8837,Get It Shawty,Lloyd,2007,51
8838,Face Down,The Red Jumpsuit Apparatus,2007,52
8839,The Way I Live,Baby Boy Da Prince Featuring Lil Boosie,2007,53
8840,Shortie Like Mine,Bow Wow Featuring Chris Brown & Johnta Austin,2007,54
8841,It Ends Tonight,The All-American Rejects,2007,55
8842,A Bay Bay,Hurricane Chris,2007,56
8843,Because Of You,Ne-Yo,2007,57
8844,I Tried,Bone Thugs-N-Harmony Featuring Akon,2007,58
8845,Welcome To The Black Parade,My Chemical Romance,2007,59
8846,Shawty,Plies Featuring T-Pain,2007,60
8847,Chasing Cars,Snow Patrol,2007,61
8848,Beautiful Liar,Beyonce & Shakira,2007,62
8849,SexyBack,Justin Timberlake,2007,63
8850,Keep Holding On,Avril Lavigne,2007,64
8851,Let It Go,Keyshia Cole Featuring Missy Elliott & Lil Kim,2007,65
8852,Apologize,Timbaland Featuring OneRepublic,2007,66
8853,Bubbly,Colbie Caillat,2007,67
8854,Like A Boy,Ciara,2007,68
8855,Who Knew,P!nk,2007,69
8856,Never Again,Kelly Clarkson,2007,70
8857,Promise,Ciara,2007,71
8858,Bed,J. Holiday,2007,72
8859,Throw Some D's,Rich Boy Featuring Polow Da Don,2007,73
8860,Rehab,Amy Winehouse,2007,74
8861,Big Things Poppin' (Do It),T.I.,2007,75
8862,No One,Alicia Keys,2007,76
8863,The Great Escape,Boys Like Girls,2007,77
8864,2 Step,Unk,2007,78
8865,Walk Away (Remember Me),Paula DeAnda Featuring The DEY,2007,79
8866,Go Getta,Young Jeezy Featuring R. Kelly,2007,80
8867,Here (In Your Arms),Hellogoodbye,2007,81
8868,On The Hotline,Pretty Ricky,2007,82
8869,Wind It Up,Gwen Stefani,2007,83
8870,Cyclone,Baby Bash Featuring T-Pain,2007,84
8871,Break It Off,Rihanna & Sean Paul,2007,85
8872,First Time,Lifehouse,2007,86
8873,Ayo Technology,50 Cent Featuring Justin Timberlake & Timbaland,2007,87
8874,Outta My System,Bow Wow Featuring T-Pain & Johnta Austin,2007,88
8875,Teardrops On My Guitar,Taylor Swift,2007,89
8876,Shut Up And Drive,Rihanna,2007,90
8877,Snow ((Hey Oh)),Red Hot Chili Peppers,2007,91
8878,Money Maker,Ludacris Featuring Pharrell,2007,92
8879,Kiss Kiss,Chris Brown Featuring T-Pain,2007,93
8880,Far Away,Nickelback,2007,94
8881,Rock Yo Hips,Crime Mob Featuring Lil Scrappy,2007,95
8882,LoveStoned,Justin Timberlake,2007,96
8883,Better Than Me,Hinder,2007,97
8884,Paralyzer,Finger Eleven,2007,98
8885,That's That,Snoop Dogg Featuring R. Kelly,2007,99
8887,Low,Flo Rida Featuring T-Pain,2008,1
8888,Bleeding Love,Leona Lewis,2008,2
8889,No One,Alicia Keys,2008,3
8890,Lollipop,Lil Wayne Featuring Static Major,2008,4
8891,Apologize,Timbaland Featuring OneRepublic,2008,5
8892,No Air,Jordin Sparks Duet With Chris Brown,2008,6
8893,Love Song,Sara Bareilles,2008,7
9386,Thrift Shop,Macklemore & Ryan Lewis Featuring Wanz,2013,1
9387,Blurred Lines,Robin Thicke Featuring T.I. + Pharrell,2013,2
9388,Radioactive,Imagine Dragons,2013,3
8894,Love In This Club,Usher Featuring Young Jeezy,2008,8
8895,With You,Chris Brown,2008,9
8896,Forever,Chris Brown,2008,10
8897,Sexy Can I,Ray J & Yung Berg,2008,11
8898,Take A Bow,Rihanna,2008,12
8899,Viva La Vida,Coldplay,2008,13
8900,I Kissed A Girl,Katy Perry,2008,14
8901,Whatever You Like,T.I.,2008,15
8902,Disturbia,Rihanna,2008,16
8903,Don't Stop The Music,Rihanna,2008,17
8904,Pocketful Of Sunshine,Natasha Bedingfield,2008,18
8905,Kiss Kiss,Chris Brown Featuring T-Pain,2008,19
8906,Closer,Ne-Yo,2008,20
8907,Bubbly,Colbie Caillat,2008,21
8908,Touch My Body,Mariah Carey,2008,22
8909,4 Minutes,Madonna Featuring Justin Timberlake & Timbaland,2008,23
8910,So What,P!nk,2008,24
8911,Paralyzer,Finger Eleven,2008,25
8912,Clumsy,Fergie,2008,26
8913,I'm Yours,Jason Mraz,2008,27
8914,Leavin',Jesse McCartney,2008,28
8915,Dangerous,Kardinal Offishall Featuring Akon,2008,29
8916,Tattoo,Jordin Sparks,2008,30
8917,See You Again,Miley Cyrus,2008,31
8918,Shake It,Metro Station,2008,32
8919,Stop And Stare,OneRepublic,2008,33
8920,Take You There,Sean Kingston,2008,34
8921,Paper Planes,M.I.A.,2008,35
8922,Hot N Cold,Katy Perry,2008,36
8923,Live Your Life,T.I. Featuring Rihanna,2008,37
8924,Bust It Baby Part 2,Plies Featuring Ne-Yo,2008,38
8925,American Boy,Estelle Featuring Kanye West,2008,39
8926,Got Money,Lil Wayne Featuring T-Pain,2008,40
8927,Our Song,Taylor Swift,2008,41
8928,Damaged,Danity Kane,2008,42
8929,A Milli,Lil Wayne,2008,43
8930,Sorry,Buckcherry,2008,44
8931,Independent,Webbie Featuring Lil' Phat & Lil' Boosie,2008,45
8932,Can't Believe It,T-Pain Featuring Lil Wayne,2008,46
8933,Like You'll Never See Me Again,Alicia Keys,2008,47
8934,Teardrops On My Guitar,Taylor Swift,2008,48
8935,When I Grow Up,The Pussycat Dolls,2008,49
8936,Sensual Seduction,Snoop Dogg,2008,50
8937,What You Got,Colby O'Donis Featuring Akon,2008,51
8938,It's Not My Time,3 Doors Down,2008,52
8939,Better In Time,Leona Lewis,2008,53
8940,Crank That (Soulja Boy),Soulja Boy Tell'em,2008,54
8941,Shadow Of The Day,Linkin Park,2008,55
8942,Sweetest Girl (Dollar Bill),"Wyclef Jean Featuring Akon, Lil Wayne & Niia",2008,56
8943,Miss Independent,Ne-Yo,2008,57
8944,Fall For You,Secondhand Serenade,2008,58
8945,In The Ayer,Flo Rida Featuring will.i.am,2008,59
8946,Say,John Mayer,2008,60
8947,One Step At A Time,Jordin Sparks,2008,61
8948,Hate That I Love You,Rihanna Featuring Ne-Yo,2008,62
8949,Superstar,Lupe Fiasco Featuring Matthew Santos,2008,63
8950,Suffocate,J. Holiday,2008,64
8951,Let It Rock,Kevin Rudolf Featuring Lil Wayne,2008,65
8952,Get Like Me,David Banner Featuring Chris Brown,2008,66
8953,Realize,Colbie Caillat,2008,67
8954,Put On,Young Jeezy Featuring Kanye West,2008,68
8955,The Time Of My Life,David Cook,2008,69
8956,Lolli Lolli (Pop That Body),"Three 6 Mafia Featuring Project Pat, Young D & Superpower",2008,70
8957,Cyclone,Baby Bash Featuring T-Pain,2008,71
8958,Love Like This,Natasha Bedingfield Featuring Sean Kingston,2008,72
8959,Burnin' Up,Jonas Brothers,2008,73
8960,Love Lockdown,Kanye West,2008,74
8961,I Luv Your Girl,The-Dream,2008,75
8962,Crush,David Archuleta,2008,76
8963,Hypnotized,Plies Featuring Akon,2008,77
8964,Big Girls Don't Cry,Fergie,2008,78
8965,Good Life,Kanye West Featuring T-Pain,2008,79
8966,Womanizer,Britney Spears,2008,80
8967,Love Story,Taylor Swift,2008,81
8968,Just Fine,Mary J. Blige,2008,82
8969,Piece Of Me,Britney Spears,2008,83
8970,The Boss,Rick Ross Featuring T-Pain,2008,84
8971,All Summer Long,Kid Rock,2008,85
8972,Can't Help But Wait,Trey Songz,2008,86
8973,In Love With A Girl,Gavin DeGraw,2008,87
8974,My Life,The Game Featuring Lil Wayne,2008,88
8975,I Remember,Keyshia Cole,2008,89
8976,Flashing Lights,Kanye West Featuring Dwele,2008,90
8977,Mrs. Officer,Lil Wayne Featuring Bobby Valentino & Kidd Kidd,2008,91
8978,7 Things,Miley Cyrus,2008,92
8979,You're Gonna Miss This,Trace Adkins,2008,93
8980,Love Remains The Same,Gavin Rossdale,2008,94
8981,Feels Like Tonight,Daughtry,2008,95
8982,The Way I Are,Timbaland Featuring Keri Hilson,2008,96
8983,Addicted,Saving Abel,2008,97
8984,Into The Night,Santana Featuring Chad Kroeger,2008,98
8985,Heaven Sent,Keyshia Cole,2008,99
8986,She Got It,2 Pistols Featuring T-Pain & Tay Dizm,2008,100
8987,Boom Boom Pow,The Black Eyed Peas,2009,1
8988,Poker Face,Lady Gaga,2009,2
8989,Just Dance,Lady Gaga Featuring Colby O'Donis,2009,3
8990,I Gotta Feeling,The Black Eyed Peas,2009,4
8991,Love Story,Taylor Swift,2009,5
8992,Right Round,Flo Rida,2009,6
8993,I'm Yours,Jason Mraz,2009,7
8994,Single Ladies (Put A Ring On It),Beyonce,2009,8
8995,Heartless,Kanye West,2009,9
8996,Gives You Hell,The All-American Rejects,2009,10
8997,You Belong With Me,Taylor Swift,2009,11
8998,Dead And Gone,T.I. Featuring Justin Timberlake,2009,12
8999,You Found Me,The Fray,2009,13
9000,Use Somebody,Kings Of Leon,2009,14
9001,Knock You Down,Keri Hilson Featuring Kanye West & Ne-Yo,2009,15
9002,Blame It,Jamie Foxx Featuring T-Pain,2009,16
9003,I Know You Want Me (Calle Ocho),Pitbull,2009,17
9004,Live Your Life,T.I. Featuring Rihanna,2009,18
9005,Kiss Me Thru The Phone,Soulja Boy Tell 'em Featuring Sammie,2009,19
9006,Down,Jay Sean Featuring Lil Wayne,2009,20
9007,The Climb,Miley Cyrus,2009,21
9008,Best I Ever Had,Drake,2009,22
9009,My Life Would Suck Without You,Kelly Clarkson,2009,23
9010,Halo,Beyonce,2009,24
9011,Hot N Cold,Katy Perry,2009,25
9012,Second Chance,Shinedown,2009,26
9013,Circus,Britney Spears,2009,27
9014,Day 'N' Nite,Kid Cudi,2009,28
9015,Party In The U.S.A.,Miley Cyrus,2009,29
9016,Don't Trust Me,3OH!3,2009,30
9017,Run This Town,"Jay-Z, Rihanna & Kanye West",2009,31
9018,Let It Rock,Kevin Rudolf Featuring Lil Wayne,2009,32
9019,Fire Burning,Sean Kingston,2009,33
9020,Whatcha Say,Jason Derulo,2009,34
9021,LoveGame,Lady Gaga,2009,35
9022,Waking Up In Vegas,Katy Perry,2009,36
9023,Birthday Sex,Jeremih,2009,37
9024,Sober,P!nk,2009,38
9025,Womanizer,Britney Spears,2009,39
9026,Whatever You Like,T.I.,2009,40
9027,Obsessed,Mariah Carey,2009,41
9028,Mad,Ne-Yo,2009,42
9029,Good Girls Go Bad,Cobra Starship Featuring Leighton Meester,2009,43
9030,Love Lockdown,Kanye West,2009,44
9031,So What,P!nk,2009,45
9032,Hotel Room Service,Pitbull,2009,46
9033,Crack A Bottle,"Eminem, Dr. Dre & 50 Cent",2009,47
9034,If I Were A Boy,Beyonce,2009,48
9035,Turnin Me On,Keri Hilson Featuring Lil Wayne,2009,49
9036,I Hate This Part,The Pussycat Dolls,2009,50
9037,Gotta Be Somebody,Nickelback,2009,51
9038,Please Don't Leave Me,P!nk,2009,52
9039,Paparazzi,Lady Gaga,2009,53
9040,Beautiful,Akon Featuring Colby O'Donis & Kardinal Offishall,2009,54
9041,Viva La Vida,Coldplay,2009,55
9042,Right Now (Na Na Na),Akon,2009,56
9043,Battlefield,Jordin Sparks,2009,57
9044,Sugar,Flo Rida Featuring Wynter,2009,58
9045,Miss Independent,Ne-Yo,2009,59
9046,Fireflies,Owl City,2009,60
9047,New Divide,Linkin Park,2009,61
9048,Empire State Of Mind,Jay-Z + Alicia Keys,2009,62
9049,No Surprise,Daughtry,2009,63
9050,She Wolf,Shakira,2009,64
9051,Break Up,Mario Featuring Gucci Mane & Sean Garrett,2009,65
9052,Sweet Dreams,Beyonce,2009,66
9053,Every Girl,Young Money,2009,67
9054,Fallin' For You,Colbie Caillat,2009,68
9055,Untouched,The Veronicas,2009,69
9056,If Today Was Your Last Day,Nickelback,2009,70
9057,Throw It In The Bag,Fabolous Featuring The-Dream,2009,71
9058,Love Drunk,Boys Like Girls,2009,72
9059,I Love College,Asher Roth,2009,73
9060,If U Seek Amy,Britney Spears,2009,74
9061,Big Green Tractor,Jason Aldean,2009,75
9062,White Horse,Taylor Swift,2009,76
9063,Disturbia,Rihanna,2009,77
9064,21 Guns,Green Day,2009,78
9066,Rockin' That Thang,The-Dream,2009,80
9067,Chicken Fried,Zac Brown Band,2009,81
9068,Diva,Beyonce,2009,82
9069,Replay,Iyaz,2009,83
9070,Then,Brad Paisley,2009,84
9071,Her Diamonds,Rob Thomas,2009,85
9072,How Do You Sleep?,Jesse McCartney Featuring Ludacris,2009,86
9073,3,Britney Spears,2009,87
9074,Forever,"Drake Featuring Kanye West, Lil Wayne & Eminem",2009,88
9075,One Time,Justin Bieber,2009,89
9076,I Run To You,Lady Antebellum,2009,90
9077,I Do Not Hook Up,Kelly Clarkson,2009,91
9078,Green Light,John Legend Featuring Andre 3000,2009,92
9079,People Are Crazy,Billy Currington,2009,93
9080,Whatever It Is,Zac Brown Band,2009,94
9081,Already Gone,Kelly Clarkson,2009,95
9082,Goodbye,Kristinia DeBarge,2009,96
9083,Say Hey (I Love You),Michael Franti & Spearhead Featuring Cherine Anderson,2009,97
9084,Pop Champagne,Jim Jones & Ron Browz Featuring Juelz Santana,2009,98
9085,Pretty Wings,Maxwell,2009,99
9086,Never Say Never,The Fray,2009,100
9087,TiK ToK,Ke$ha,2010,1
9088,Need You Now,Lady Antebellum,2010,2
9089,"Hey, Soul Sister",Train,2010,3
9090,California Gurls,Katy Perry Featuring Snoop Dogg,2010,4
9091,OMG,Usher Featuring will.i.am,2010,5
9092,Airplanes,B.o.B Featuring Hayley Williams,2010,6
9093,Love The Way You Lie,Eminem Featuring Rihanna,2010,7
9094,Bad Romance,Lady Gaga,2010,8
9095,Dynamite,Taio Cruz,2010,9
9096,Break Your Heart,Taio Cruz Featuring Ludacris,2010,10
9097,Nothin' On You,B.o.B Featuring Bruno Mars,2010,11
9098,I Like It,Enrique Iglesias Featuring Pitbull,2010,12
9099,BedRock,Young Money Featuring Lloyd,2010,13
9100,In My Head,Jason Derulo,2010,14
9101,Rude Boy,Rihanna,2010,15
9102,Telephone,Lady Gaga Featuring Beyonce,2010,16
9103,Teenage Dream,Katy Perry,2010,17
9104,Just The Way You Are,Bruno Mars,2010,18
9105,Cooler Than Me,Mike Posner,2010,19
9106,Imma Be,The Black Eyed Peas,2010,20
9107,Empire State Of Mind,Jay-Z + Alicia Keys,2010,21
9108,DJ Got Us Fallin' In Love,Usher Featuring Pitbull,2010,22
9109,Billionaire,Travie McCoy Featuring Bruno Mars,2010,23
9110,Not Afraid,Eminem,2010,24
9111,Replay,Iyaz,2010,25
9112,Sexy Chick,David Guetta Featuring Akon,2010,26
9113,Breakeven,The Script,2010,27
9114,Your Love Is My Drug,Ke$ha,2010,28
9115,I Gotta Feeling,The Black Eyed Peas,2010,29
9116,Fireflies,Owl City,2010,30
9117,Say Aah,Trey Songz Featuring Fabolous,2010,31
9118,Find Your Love,Drake,2010,32
9119,Alejandro,Lady Gaga,2010,33
9120,Ridin' Solo,Jason Derulo,2010,34
9121,Just A Dream,Nelly,2010,35
9122,How Low,Ludacris,2010,36
9124,Carry Out,Timbaland Featuring Justin Timberlake,2010,38
9125,Haven't Met You Yet,Michael Buble,2010,39
9126,Club Can't Handle Me,Flo Rida Featuring David Guetta,2010,40
9127,Down,Jay Sean Featuring Lil Wayne,2010,41
9128,Bulletproof,La Roux,2010,42
9129,Whatcha Say,Jason Derulo,2010,43
9130,Baby,Justin Bieber Featuring Ludacris,2010,44
9131,Whataya Want From Me,Adam Lambert,2010,45
9132,Mine,Taylor Swift,2010,46
9133,Only Girl (In The World),Rihanna,2010,47
9134,Live Like We're Dying,Kris Allen,2010,48
9135,Hard,Rihanna Featuring Jeezy,2010,49
9136,Young Forever,Jay-Z + Mr. Hudson,2010,50
9137,Blah Blah Blah,Ke$ha Featuring 3OH!3,2010,51
9138,Bottoms Up,Trey Songz Featuring Nicki Minaj,2010,52
9139,Do You Remember,Jay Sean Featuring Sean Paul & Lil Jon,2010,53
9140,All The Right Moves,OneRepublic,2010,54
9141,According To You,Orianthi,2010,55
9142,My Chick Bad,Ludacris Featuring Nicki Minaj,2010,56
9143,You Belong With Me,Taylor Swift,2010,57
9144,Meet Me Halfway,The Black Eyed Peas,2010,58
9145,Take It Off,Ke$ha,2010,59
9146,Over,Drake,2010,60
9147,Animal,Neon Trees,2010,61
9148,Misery,Maroon 5,2010,62
9149,Magic,B.o.B Featuring Rivers Cuomo,2010,63
9150,Paparazzi,Lady Gaga,2010,64
9151,Tie Me Down,New Boyz Featuring Ray J,2010,65
9152,Your Love,Nicki Minaj,2010,66
9153,Party In The U.S.A.,Miley Cyrus,2010,67
9154,Deuces,Chris Brown Featuring Tyga & Kevin McCall,2010,68
9155,3,Britney Spears,2010,69
9156,Impossible,Shontelle,2010,70
9157,Forever,"Drake Featuring Kanye West, Lil Wayne & Eminem",2010,71
9158,Two Is Better Than One,Boys Like Girls Featuring Taylor Swift,2010,72
9159,My First Kiss,3OH!3 Featuring Ke$ha,2010,73
9160,Already Gone,Kelly Clarkson,2010,74
9161,Rock That Body,The Black Eyed Peas,2010,75
9162,Secrets,OneRepublic,2010,76
9163,Naturally,Selena Gomez & The Scene,2010,77
9164,Un-Thinkable (I'm Ready),Alicia Keys,2010,78
9165,All I Do Is Win,"DJ Khaled Featuring T-Pain, Ludacris, Snoop Dogg & Rick Ross",2010,79
9166,I Made It (Cash Money Heroes),"Kevin Rudolf Featuring Birdman, Jay Sean, & Lil Wayne",2010,80
9167,Stuck Like Glue,Sugarland,2010,81
9168,Hey Daddy (Daddy's Home),Usher Featuring Plies,2010,82
9169,There Goes My Baby,Usher,2010,83
9170,Today Was A Fairytale,Taylor Swift,2010,84
9171,Say Something,Timbaland Featuring Drake,2010,85
9172,Sweet Dreams,Beyonce,2010,86
9173,Use Somebody,Kings Of Leon,2010,87
9174,Undo It,Carrie Underwood,2010,88
9175,Eenie Meenie,Sean Kingston & Justin Bieber,2010,89
9176,Right Above It,Lil Wayne Featuring Drake,2010,90
9177,The House That Built Me,Miranda Lambert,2010,91
9178,If I Die Young,The Band Perry,2010,92
9179,The Only Exception,Paramore,2010,93
9180,American Honey,Lady Antebellum,2010,94
9181,King Of Anything,Sara Bareilles,2010,95
9182,Life After You,Daughtry,2010,96
9183,Smile,Uncle Kracker,2010,97
9184,Teach Me How To Dougie,Cali Swag District,2010,98
9185,Try Sleeping With A Broken Heart,Alicia Keys,2010,99
9186,"Lover, Lover",Jerrod Niemann,2010,100
9187,Rolling In The Deep,Adele,2011,1
9188,Party Rock Anthem,LMFAO Featuring Lauren Bennett & GoonRock,2011,2
9189,Firework,Katy Perry,2011,3
9190,E.T.,Katy Perry Featuring Kanye West,2011,4
9191,Give Me Everything,"Pitbull Featuring Ne-Yo, Afrojack & Nayer",2011,5
9192,Grenade,Bruno Mars,2011,6
9193,Super Bass,Nicki Minaj,2011,8
9194,Moves Like Jagger,Maroon 5 Featuring Christina Aguilera,2011,9
9195,Just Can't Get Enough,The Black Eyed Peas,2011,10
9196,On The Floor,Jennifer Lopez Featuring Pitbull,2011,11
9197,S&M,Rihanna,2011,12
9198,Pumped Up Kicks,Foster The People,2011,13
9199,Last Friday Night (T.G.I.F.),Katy Perry,2011,14
9200,Just The Way You Are,Bruno Mars,2011,15
9201,Tonight (I'm Lovin' You),Enrique Iglesias Featuring Ludacris & DJ Frank E,2011,16
9202,Raise Your Glass,P!nk,2011,17
9203,Born This Way,Lady Gaga,2011,18
9205,What's My Name?,Rihanna Featuring Drake,2011,20
9206,Look At Me Now,Chris Brown Featuring Lil Wayne & Busta Rhymes,2011,21
9207,Down On Me,Jeremih Featuring 50 Cent,2011,22
9208,How To Love,Lil Wayne,2011,23
9209,Someone Like You,Adele,2011,24
9210,Good Life,OneRepublic,2011,25
9211,The Lazy Song,Bruno Mars,2011,26
9212,Till The World Ends,Britney Spears,2011,27
9213,The Show Goes On,Lupe Fiasco,2011,28
9214,The Edge Of Glory,Lady Gaga,2011,29
9215,We R Who We R,Ke$ha,2011,30
9389,Harlem Shake,Baauer,2013,4
9216,Black And Yellow,Wiz Khalifa,2011,31
9217,Tonight Tonight,Hot Chelle Rae,2011,32
9218,Blow,Ke$ha,2011,33
9219,Lighters,Bad Meets Evil Featuring Bruno Mars,2011,34
9220,If I Die Young,The Band Perry,2011,35
9221,Stereo Hearts,Gym Class Heroes Featuring Adam Levine,2011,36
9222,The Time (Dirty Bit),The Black Eyed Peas,2011,37
9223,Coming Home,Diddy - Dirty Money Featuring Skylar Grey,2011,38
9224,Hey Baby (Drop It To The Floor),Pitbull Featuring T-Pain,2011,39
9225,Only Girl (In The World),Rihanna,2011,40
9226,6 Foot 7 Foot,Lil Wayne Featuring Cory Gunz,2011,41
9227,Just A Kiss,Lady Antebellum,2011,42
9228,Dirt Road Anthem,Jason Aldean,2011,43
9229,Dynamite,Taio Cruz,2011,44
9230,No Hands,Waka Flocka Flame Featuring Roscoe Dash & Wale,2011,45
9231,I Wanna Go,Britney Spears,2011,46
9232,I'm On One,"DJ Khaled Featuring Drake, Rick Ross & Lil Wayne",2011,47
9233,You Make Me Feel...,Cobra Starship Featuring Sabi,2011,48
9234,Yeah 3X,Chris Brown,2011,49
9235,Moment 4 Life,Nicki Minaj Featuring Drake,2011,50
9236,I Need A Doctor,Dr. Dre Featuring Eminem & Skylar Grey,2011,51
9237,Just A Dream,Nelly,2011,52
9238,Motivation,Kelly Rowland Featuring Lil Wayne,2011,53
9239,Stereo Love,Edward Maya & Vika Jigulina,2011,54
9240,Jar Of Hearts,Christina Perri,2011,55
9241,Roll Up,Wiz Khalifa,2011,56
9242,Sexy And I Know It,LMFAO,2011,57
9244,All Of The Lights,Kanye West,2011,59
9245,Hold It Against Me,Britney Spears,2011,60
9246,More,Usher,2011,61
9247,What The Hell,Avril Lavigne,2011,62
9248,Written In The Stars,Tinie Tempah Featuring Eric Turner,2011,63
9249,Bottoms Up,Trey Songz Featuring Nicki Minaj,2011,64
9250,DJ Got Us Fallin' In Love,Usher Featuring Pitbull,2011,65
9251,For The First Time,The Script,2011,66
9252,Honey Bee,Blake Shelton,2011,67
9253,Don't You Wanna Stay,Jason Aldean With Kelly Clarkson,2011,68
9254,We Found Love,Rihanna Featuring Calvin Harris,2011,69
9255,Pretty Girl Rock,Keri Hilson,2011,70
9256,You And I,Lady Gaga,2011,71
9258,Without You,David Guetta Featuring Usher,2011,73
9259,Back To December,Taylor Swift,2011,74
9260,Teenage Dream,Katy Perry,2011,75
9261,Crazy Girl,Eli Young Band,2011,76
9262,Cheers (Drink To That),Rihanna,2011,77
9263,Who Says,Selena Gomez & The Scene,2011,78
9264,Barefoot Blue Jean Night,Jake Owen,2011,79
9265,Knee Deep,Zac Brown Band Featuring Jimmy Buffett,2011,80
9266,Country Girl (Shake It For Me),Luke Bryan,2011,81
9267,Remind Me,Brad Paisley Duet With Carrie Underwood,2011,82
9268,In The Dark,Dev,2011,83
9269,Backseat,New Boyz Featuring The Cataracs & Dev,2011,84
9270,Headlines,Drake,2011,85
9271,Best Thing I Never Had,Beyonce,2011,86
9272,Don't Wanna Go Home,Jason Derulo,2011,87
9273,Where Them Girls At,David Guetta Featuring Flo Rida & Nicki Minaj,2011,88
9274,She Ain't You,Chris Brown,2011,89
9275,Take A Back Road,Rodney Atkins,2011,90
9276,Please Don't Go,Mike Posner,2011,91
9277,Sure Thing,Miguel,2011,92
9278,Price Tag,Jessie J Featuring B.o.B,2011,93
9279,God Gave Me You,Blake Shelton,2011,94
9280,She Will,Lil Wayne Featuring Drake,2011,95
9281,Are You Gonna Kiss Me Or Not,Thompson Square,2011,96
9282,Animal,Neon Trees,2011,97
9283,You And Tequila,Kenny Chesney Featuring Grace Potter,2011,98
9284,Colder Weather,Zac Brown Band,2011,99
9285,My Last,Big Sean Featuring Chris Brown,2011,100
9286,Somebody That I Used To Know,Gotye Featuring Kimbra,2012,1
9287,Call Me Maybe,Carly Rae Jepsen,2012,2
9288,We Are Young,fun. Featuring Janelle Monae,2012,3
9289,Payphone,Maroon 5 Featuring Wiz Khalifa,2012,4
9290,Lights,Ellie Goulding,2012,5
9291,Glad You Came,The Wanted,2012,6
9292,Stronger (What Doesn't Kill You),Kelly Clarkson,2012,7
9293,We Found Love,Rihanna Featuring Calvin Harris,2012,8
9294,Starships,Nicki Minaj,2012,9
9295,What Makes You Beautiful,One Direction,2012,10
9296,Wild Ones,Flo Rida Featuring Sia,2012,11
9297,Set Fire To The Rain,Adele,2012,12
9298,Sexy And I Know It,LMFAO,2012,13
9299,Some Nights,fun.,2012,14
9300,Wide Awake,Katy Perry,2012,15
9301,Good Feeling,Flo Rida,2012,16
9302,Whistle,Flo Rida,2012,17
9303,One More Night,Maroon 5,2012,18
9304,Drive By,Train,2012,19
9305,The Motto,Drake Featuring Lil Wayne,2012,20
9306,Where Have You Been,Rihanna,2012,21
9307,Everybody Talks,Neon Trees,2012,22
9308,Take Care,Drake Featuring Rihanna,2012,23
9309,Titanium,David Guetta Featuring Sia,2012,24
9310,I Won't Give Up,Jason Mraz,2012,25
9311,It Will Rain,Bruno Mars,2012,26
9312,Mercy,"Kanye West, Big Sean, Pusha T, 2 Chainz",2012,27
9313,Boyfriend,Justin Bieber,2012,28
9314,Party Rock Anthem,LMFAO Featuring Lauren Bennett & GoonRock,2012,29
9315,Too Close,Alex Clare,2012,30
9316,Part Of Me,Katy Perry,2012,31
9317,"Young, Wild & Free",Snoop Dogg & Wiz Khalifa Featuring Bruno Mars,2012,32
9318,We Are Never Ever Getting Back Together,Taylor Swift,2012,33
9319,As Long As You Love Me,Justin Bieber Featuring Big Sean,2012,34
9320,Turn Me On,David Guetta Featuring Nicki Minaj,2012,35
9321,Moves Like Jagger,Maroon 5 Featuring Christina Aguilera,2012,36
9322,Blow Me (One Last Kiss),P!nk,2012,37
9323,Good Time,Owl City & Carly Rae Jepsen,2012,38
9324,Give Your Heart A Break,Demi Lovato,2012,39
9325,Ni**as in Paris,Jay Z Kanye West,2012,40
9326,The One That Got Away,Katy Perry,2012,41
9327,Feel So Close,Calvin Harris,2012,42
9328,Someone Like You,Adele,2012,43
9329,Scream,Usher,2012,44
9330,Rack City,Tyga,2012,45
9331,Domino,Jessie J,2012,46
9332,Gangnam Style,PSY,2012,47
9333,International Love,Pitbull Featuring Chris Brown,2012,48
9334,Home,Phillip Phillips,2012,49
9335,Without You,David Guetta Featuring Usher,2012,50
9336,Ass Back Home,Gym Class Heroes Featuring Neon Hitch,2012,51
9337,Wanted,Hunter Hayes,2012,52
9338,Drunk On You,Luke Bryan,2012,53
9339,No Lie,2 Chainz Featuring Drake,2012,54
9340,Want U Back,Cher Lloyd,2012,55
9341,Don't Wake Me Up,Chris Brown,2012,56
9342,Dance (A$$),Big Sean Featuring Nicki Minaj,2012,57
9343,Springsteen,Eric Church,2012,58
9344,Brokenhearted,Karmin,2012,59
9345,Not Over You,Gavin DeGraw,2012,60
9346,Stereo Hearts,Gym Class Heroes Featuring Adam Levine,2012,61
9347,Back In Time,Pitbull,2012,62
9348,Work Out,J. Cole,2012,63
9349,Rumour Has It,Adele,2012,64
9350,Let's Go,Calvin Harris Featuring Ne-Yo,2012,65
9351,Good Girl,Carrie Underwood,2012,66
9352,Pontoon,Little Big Town,2012,67
9353,Ho Hey,The Lumineers,2012,68
9354,Paradise,Coldplay,2012,69
9355,Blown Away,Carrie Underwood,2012,70
9356,Rolling In The Deep,Adele,2012,71
9357,Climax,Usher,2012,72
9358,"Work Hard, Play Hard",Wiz Khalifa,2012,73
9359,Let Me Love You (Until You Learn To Love Yourself),Ne-Yo,2012,74
9360,Pound The Alarm,Nicki Minaj,2012,75
9361,Come Over,Kenny Chesney,2012,76
9362,Heart Attack,Trey Songz,2012,77
9363,Drank In My Cup,Kirko Bangz,2012,78
9364,Birthday Cake,Rihanna Featuring Chris Brown,2012,79
9365,So Good,B.o.B,2012,80
9366,50 Ways To Say Goodbye,Train,2012,81
9367,Red Solo Cup,Toby Keith,2012,82
9368,Love You Like A Love Song,Selena Gomez & The Scene,2012,83
9369,Turn Up The Music,Chris Brown,2012,84
9370,Die Young,Ke$ha,2012,85
9371,5 O'Clock,T-Pain Featuring Wiz Khalifa & Lily Allen,2012,86
9372,A Thousand Years,Christina Perri,2012,87
9373,Take A Little Ride,Jason Aldean,2012,88
9374,You Da One,Rihanna,2012,89
9375,We Run The Night,Havana Brown Featuring Pitbull,2012,90
9376,It's Time,Imagine Dragons,2012,91
9377,Cashin' Out,Ca$h Out,2012,92
9378,I Don't Want This Night To End,Luke Bryan,2012,93
9379,Diamonds,Rihanna,2012,94
9380,Hard To Love,Lee Brice,2012,95
9381,Somethin' 'Bout A Truck,Kip Moore,2012,96
9382,Adorn,Miguel,2012,97
9383,Fly Over States,Jason Aldean,2012,98
9384,Even If It Breaks Your Heart,Eli Young Band,2012,99
9385,Burn It Down,Linkin Park,2012,100
9390,Can't Hold Us,Macklemore & Ryan Lewis Featuring Ray Dalton,2013,5
9391,Mirrors,Justin Timberlake,2013,6
9392,Just Give Me A Reason,P!nk Featuring Nate Ruess,2013,7
9393,When I Was Your Man,Bruno Mars,2013,8
9394,Cruise,Florida Georgia Line Featuring Nelly,2013,9
9395,Roar,Katy Perry,2013,10
9396,Locked Out Of Heaven,Bruno Mars,2013,11
9397,Ho Hey,The Lumineers,2013,12
9398,Stay,Rihanna Featuring Mikky Ekko,2013,13
9399,Get Lucky,Daft Punk Featuring Pharrell Williams,2013,14
9400,Royals,Lorde,2013,15
9401,I Knew You Were Trouble.,Taylor Swift,2013,16
9402,We Can't Stop,Miley Cyrus,2013,17
9403,Wrecking Ball,Miley Cyrus,2013,18
9404,Wake Me Up!,Avicii,2013,19
9405,Suit & Tie,Justin Timberlake Featuring JAY Z,2013,20
9406,Cups (Pitch Perfect's When I'm Gone),Anna Kendrick,2013,21
9407,Holy Grail,Jay Z Featuring Justin Timberlake,2013,22
9408,Scream & Shout,will.i.am & Britney Spears,2013,23
9409,Clarity,Zedd Featuring Foxes,2013,24
9410,Sail,AWOLNATION,2013,25
9411,Don't You Worry Child,Swedish House Mafia Featuring John Martin,2013,26
9412,Diamonds,Rihanna,2013,27
9413,I Love It,Icona Pop Featuring Charli XCX,2013,28
9414,Safe And Sound,Capital Cities,2013,29
9415,Treasure,Bruno Mars,2013,30
9416,The Way,Ariana Grande Featuring Mac Miller,2013,31
9417,Started From The Bottom,Drake,2013,32
9418,Come & Get It,Selena Gomez,2013,33
9419,"Hold On, We're Going Home",Drake Featuring Majid Jordan,2013,34
9420,Daylight,Maroon 5,2013,35
9421,Feel This Moment,Pitbull Featuring Christina Aguilera,2013,36
9422,Applause,Lady Gaga,2013,37
9423,One More Night,Maroon 5,2013,38
9424,Love Me,Lil Wayne Featuring Drake & Future,2013,39
9425,My Songs Know What You Did In The Dark (Light Em Up),Fall Out Boy,2013,40
9426,F**kin Problems,"A$AP Rocky Featuring Drake, 2 Chainz & Kendrick Lamar",2013,41
9427,Beauty And A Beat,Justin Bieber Featuring Nicki Minaj,2013,42
9428,Same Love,Macklemore & Ryan Lewis Featuring Mary Lambert,2013,43
9429,Sweet Nothing,Calvin Harris Featuring Florence Welch,2013,44
9430,Summertime Sadness,Lana Del Rey & Cedric Gervais,2013,45
9431,Home,Phillip Phillips,2013,46
9432,It's Time,Imagine Dragons,2013,47
9433,Power Trip,J. Cole Featuring Miguel,2013,48
9434,Girl On Fire,Alicia Keys Featuring Nicki Minaj,2013,49
9435,Heart Attack,Demi Lovato,2013,50
9436,Love Somebody,Maroon 5,2013,51
9437,I Will Wait,Mumford & Sons,2013,52
9438,Try,P!nk,2013,53
9439,Wagon Wheel,Darius Rucker,2013,54
9440,Gangnam Style,PSY,2013,55
9441,I Need Your Love,Calvin Harris Featuring Ellie Goulding,2013,56
9442,Die Young,Ke$ha,2013,57
9443,Some Nights,fun.,2013,58
9444,Bad,Wale Featuring Tiara Thomas Or Rihanna,2013,59
9445,Boys 'round Here,Blake Shelton Featuring Pistol Annies & Friends,2013,60
9446,"Gone, Gone, Gone",Phillip Phillips,2013,61
9447,Demons,Imagine Dragons,2013,62
9448,Counting Stars,OneRepublic,2013,63
9449,I Cry,Flo Rida,2013,64
9450,Little Talks,Of Monsters And Men,2013,65
9451,The Other Side,Jason Derulo,2013,66
9452,Berzerk,Eminem,2013,67
9453,Catch My Breath,Kelly Clarkson,2013,68
9454,Crash My Party,Luke Bryan,2013,69
9455,Pour It Up,Rihanna,2013,70
9456,22,Taylor Swift,2013,71
9457,I Want Crazy,Hunter Hayes,2013,72
9458,The Fox,Ylvis,2013,73
9459,Best Song Ever,One Direction,2013,74
9460,The A Team,Ed Sheeran,2013,75
9461,Carry On,fun.,2013,76
9462,Highway Don't Care,Tim McGraw With Taylor Swift,2013,77
9463,That's My Kind Of Night,Luke Bryan,2013,78
9464,Swimming Pools (Drank),Kendrick Lamar,2013,79
9465,Sure Be Cool If You Did,Blake Shelton,2013,80
9466,#Beautiful,Mariah Carey Featuring Miguel,2013,81
9467,Troublemaker,Olly Murs Featuring Flo Rida,2013,82
9468,Body Party,Ciara,2013,83
9469,Adorn,Miguel,2013,84
9470,Hall Of Fame,The Script Featuring will.i.am,2013,85
9471,Let Me Love You (Until You Learn To Love Yourself),Ne-Yo,2013,86
9472,U.O.E.N.O.,Rocko Featuring Future & Rick Ross,2013,87
9473,Next To Me,Emeli Sande,2013,88
9474,Mama's Broken Heart,Miranda Lambert,2013,89
9475,It Goes Like This,Thomas Rhett,2013,90
9476,Bugatti,Ace Hood Featuring Future & Rick Ross,2013,91
9477,Wanted,Hunter Hayes,2013,92
9478,Downtown,Lady Antebellum,2013,93
9479,Get Your Shine On,Florida Georgia Line,2013,94
9480,#thatPOWER,will.i.am Featuring Justin Bieber,2013,95
9481,Brave,Sara Bareilles,2013,96
9482,Let Her Go,Passenger,2013,97
9483,Runnin' Outta Moonlight,Randy Houser,2013,98
9484,I'm Different,2 Chainz,2013,99
9485,Still Into You,Paramore,2013,100
9486,Happy,Pharrell Williams,2014,1
9487,Dark Horse,Katy Perry Featuring Juicy J,2014,2
9488,All Of Me,John Legend,2014,3
9489,Fancy,Iggy Azalea Featuring Charli XCX,2014,4
9490,Counting Stars,OneRepublic,2014,5
9491,Talk Dirty,Jason Derulo Featuring 2 Chainz,2014,6
9492,Rude,MAGIC!,2014,7
9493,All About That Bass,Meghan Trainor,2014,8
9494,Problem,Ariana Grande Featuring Iggy Azalea,2014,9
9495,Stay With Me,Sam Smith,2014,10
9496,Timber,Pitbull Featuring Ke$ha,2014,11
9497,Pompeii,Bastille,2014,12
9498,Shake It Off,Taylor Swift,2014,13
9499,Am I Wrong,Nico & Vinz,2014,14
9500,Turn Down For What,DJ Snake & Lil Jon,2014,15
9501,The Monster,Eminem Featuring Rihanna,2014,16
9502,Say Something,A Great Big World & Christina Aguilera,2014,17
9503,Team,Lorde,2014,18
9504,Let Her Go,Passenger,2014,19
9505,Royals,Lorde,2014,20
9506,Let It Go,Idina Menzel,2014,21
9507,Wake Me Up!,Avicii,2014,22
9508,Demons,Imagine Dragons,2014,23
9509,Story Of My Life,One Direction,2014,24
9510,Chandelier,Sia,2014,25
9511,Black Widow,Iggy Azalea Featuring Rita Ora,2014,26
9512,Bang Bang,"Jessie J, Ariana Grande & Nicki Minaj",2014,27
9513,Latch,Disclosure Featuring Sam Smith,2014,28
9514,Maps,Maroon 5,2014,29
9515,Loyal,Chris Brown Featuring Lil Wayne & French Montana Or Too $hort Or Tyga,2014,30
9516,Best Day Of My Life,American Authors,2014,31
9517,Habits (Stay High),Tove Lo,2014,32
9518,Summer,Calvin Harris,2014,33
9519,Boom Clap,Charli XCX,2014,34
9520,Drunk In Love,Beyonce Featuring Jay Z,2014,35
9521,Anaconda,Nicki Minaj,2014,36
9522,Break Free,Ariana Grande Featuring Zedd,2014,37
9523,Bailando,Enrique Iglesias Featuring Descemer Bueno & Gente de Zona,2014,38
9524,Burn,Ellie Goulding,2014,39
9525,Wiggle,Jason Derulo Featuring Snoop Dogg,2014,40
9526,Rather Be,Clean Bandit Featuring Jess Glynne,2014,41
9527,Don't Tell 'Em,Jeremih Featuring YG,2014,42
9528,Show Me,Kid Ink Featuring Chris Brown,2014,43
9529,Wrecking Ball,Miley Cyrus,2014,44
9530,Not A Bad Thing,Justin Timberlake,2014,45
9531,Roar,Katy Perry,2014,46
9532,Ain't It Fun,Paramore,2014,47
9533,The Man,Aloe Blacc,2014,48
9534,This Is How We Roll,Florida Georgia Line Featuring Luke Bryan,2014,49
9535,Classic,MKTO,2014,50
9536,A Sky Full Of Stars,Coldplay,2014,51
9537,Don't,Ed Sheeran,2014,52
9538,Na Na,Trey Songz,2014,53
9539,Hot Boy,Bobby Shmurda,2014,54
9540,"Hold On, We're Going Home",Drake Featuring Majid Jordan,2014,55
9541,Sing,Ed Sheeran,2014,56
9542,Radioactive,Imagine Dragons,2014,57
9543,My Hitta,YG Featuring Jeezy & Rich Homie Quan,2014,58
9544,Cool Kids,Echosmith,2014,59
9545,Hey Brother,Avicii,2014,60
9546,Trumpets,Jason Derulo,2014,61
9547,Animals,Maroon 5,2014,62
9548,Burnin' It Down,Jason Aldean,2014,63
9549,Play It Again,Luke Bryan,2014,64
9550,2 On,Tinashe Featuring ScHoolboy Q,2014,65
9551,Dirt,Florida Georgia Line,2014,66
9552,Love Runs Out,OneRepublic,2014,67
9553,Bottoms Up,Brantley Gilbert,2014,68
9554,Shower,Becky G,2014,69
9555,Me And My Broken Heart,Rixton,2014,70
9556,Animals,Martin Garrix,2014,71
9557,Lifestyle,Rich Gang Featuring Young Thug & Rich Homie Quan,2014,72
9558,American Kids,Kenny Chesney,2014,73
9559,Brave,Sara Bareilles,2014,74
9560,Sweater Weather,The Neighbourhood,2014,75
9561,Leave The Night On,Sam Hunt,2014,76
9562,New Flame,Chris Brown Featuring Usher & Rick Ross,2014,77
9563,Love Never Felt So Good,Michael Jackson & Justin Timberlake,2014,78
9564,Drunk On A Plane,Dierks Bentley,2014,79
9565,Birthday,Katy Perry,2014,80
9566,Bartender,Lady Antebellum,2014,81
9567,La La La,Naughty Boy Featuring Sam Smith,2014,82
9568,Blurred Lines,Robin Thicke Featuring T.I. + Pharrell,2014,83
9569,Do What U Want,Lady Gaga Featuring R. Kelly,2014,84
9570,Can't Remember To Forget You,Shakira Featuring Rihanna,2014,85
9571,Amnesia,5 Seconds Of Summer,2014,86
9572,No Mediocre,T.I. Featuring Iggy Azalea,2014,87
9573,Come With Me Now,KONGOS,2014,88
9574,Believe Me,Lil Wayne Featuring Drake,2014,89
9575,23,"Mike WiLL Made-It Featuring Miley Cyrus, Wiz Khalifa & Juicy J",2014,90
9576,Beachin',Jake Owen,2014,91
9577,White Walls,Macklemore & Ryan Lewis Featuring ScHoolboy Q & Hollis,2014,92
9578,She Looks So Perfect,5 Seconds Of Summer,2014,93
9579,Stay The Night,Zedd Featuring Hayley Williams,2014,94
9580,Partition,Beyonce,2014,95
9581,Studio,ScHoolboy Q Featuring BJ The Chicago Kid,2014,96
9582,0 To 100 / The Catch Up,Drake,2014,97
9583,I Don't Dance,Lee Brice,2014,98
9584,Somethin' Bad,Miranda Lambert Duet With Carrie Underwood,2014,99
9585,Adore You,Miley Cyrus,2014,100
9586,Uptown Funk!,Mark Ronson Featuring Bruno Mars,2015,1
9587,Thinking Out Loud,Ed Sheeran,2015,2
9588,See You Again,Wiz Khalifa Featuring Charlie Puth,2015,3
9589,Trap Queen,Fetty Wap,2015,4
9590,Sugar,Maroon 5,2015,5
9591,Shut Up And Dance,WALK THE MOON,2015,6
9592,Blank Space,Taylor Swift,2015,7
9593,Watch Me,Silento,2015,8
9594,Earned It (Fifty Shades Of Grey),The Weeknd,2015,9
9595,The Hills,The Weeknd,2015,10
9596,Cheerleader,OMI,2015,11
9597,Can't Feel My Face,The Weeknd,2015,12
9598,Love Me Like You Do,Ellie Goulding,2015,13
9599,Take Me To Church,Hozier,2015,14
9600,Bad Blood,Taylor Swift Featuring Kendrick Lamar,2015,15
9601,Lean On,Major Lazer & DJ Snake Featuring MO,2015,16
9602,Want To Want Me,Jason Derulo,2015,17
9603,Shake It Off,Taylor Swift,2015,18
9604,Where Are U Now,Skrillex & Diplo With Justin Bieber,2015,19
9605,Fight Song,Rachel Platten,2015,20
9606,679,Fetty Wap Featuring Remy Boyz,2015,21
9607,Lips Are Movin,Meghan Trainor,2015,22
9608,Worth It,Fifth Harmony Featuring Kid Ink,2015,23
9609,Post To Be,Omarion Featuring Chris Brown & Jhene Aiko,2015,24
9610,"Honey, I'm Good.",Andy Grammer,2015,25
9611,I'm Not The Only One,Sam Smith,2015,26
9612,Good For You,Selena Gomez Featuring A$AP Rocky,2015,27
9613,All About That Bass,Meghan Trainor,2015,28
9614,Style,Taylor Swift,2015,29
9615,Hotline Bling,Drake,2015,30
9616,Hey Mama,"David Guetta Featuring Nicki Minaj, Bebe Rexha & Afrojack",2015,31
9617,G.D.F.R.,Flo Rida Featuring Sage The Gemini & Lookas,2015,32
9618,What Do You Mean?,Justin Bieber,2015,33
9619,Photograph,Ed Sheeran,2015,34
9620,Hello,Adele,2015,35
9621,Stitches,Shawn Mendes,2015,36
9622,Talking Body,Tove Lo,2015,37
9623,Jealous,Nick Jonas,2015,38
9624,Time Of Our Lives,Pitbull & Ne-Yo,2015,39
9625,Locked Away,R. City Featuring Adam Levine,2015,40
9626,Somebody,Natalie La Rose Featuring Jeremih,2015,41
9627,FourFiveSeconds,Rihanna & Kanye West & Paul McCartney,2015,42
9628,Centuries,Fall Out Boy,2015,43
9629,My Way,Fetty Wap Featuring Monty,2015,44
9630,Take Your Time,Sam Hunt,2015,45
9631,Animals,Maroon 5,2015,46
9632,I Don't F**k With You,Big Sean Featuring E-40,2015,47
9633,B**** Better Have My Money,Rihanna,2015,48
9634,Flex (Ooh Ooh Ooh),Rich Homie Quan,2015,49
9635,Nasty Freestyle,T-Wayne,2015,50
9636,Only,"Nicki Minaj Featuring Drake, Lil Wayne & Chris Brown",2015,51
9637,Elastic Heart,Sia,2015,52
9638,Cool For The Summer,Demi Lovato,2015,53
9639,Renegades,X Ambassadors,2015,54
9640,I Don't Mind,Usher Featuring Juicy J,2015,55
9641,Love Me Harder,Ariana Grande & The Weeknd,2015,56
9642,Wildest Dreams,Taylor Swift,2015,57
9643,Stay With Me,Sam Smith,2015,58
9644,You Know You Like It,DJ Snake & AlunaGeorge,2015,59
9645,Uma Thurman,Fall Out Boy,2015,60
9647,The Heart Wants What It Wants,Selena Gomez,2015,62
9648,Girl Crush,Little Big Town,2015,63
9649,Slow Motion,Trey Songz,2015,64
9650,Drag Me Down,One Direction,2015,65
9651,Truffle Butter,Nicki Minaj Featuring Drake & Lil Wayne,2015,66
9652,One Last Time,Ariana Grande,2015,67
9653,Chains,Nick Jonas,2015,68
9654,All Eyes On You,Meek Mill Featuring Chris Brown & Nicki Minaj,2015,69
9655,No Type,Rae Sremmurd,2015,70
9656,Riptide,Vance Joy,2015,71
9657,Classic Man,Jidenna Featuring Roman GianArthur,2015,72
9658,Ex's & Oh's,Elle King,2015,73
9659,Dear Future Husband,Meghan Trainor,2015,74
9660,Marvin Gaye,Charlie Puth Featuring Meghan Trainor,2015,75
9661,Like I'm Gonna Lose You,Meghan Trainor Featuring John Legend,2015,76
9662,Habits (Stay High),Tove Lo,2015,77
9663,The Hanging Tree,James Newton Howard Featuring Jennifer Lawrence,2015,78
9664,CoCo,O.T. Genasis,2015,79
9665,Bang Bang,"Jessie J, Ariana Grande & Nicki Minaj",2015,80
9666,Lay Me Down,Sam Smith,2015,81
9667,Tuesday,I LOVE MAKONNEN Featuring Drake,2015,82
9668,Hit The Quan,iLoveMemphis,2015,83
9669,Downtown,"Macklemore & Ryan Lewis Featuring Eric Nally, Melle Mel, Kool Moe Dee & Grandmaster Caz",2015,84
9670,House Party,Sam Hunt,2015,85
9671,Ayo,Chris Brown & Tyga,2015,86
9672,Kick The Dust Up,Luke Bryan,2015,87
9673,Blessings,Big Sean Featuring Drake,2015,88
9674,Budapest,George Ezra,2015,89
9675,Chandelier,Sia,2015,90
9676,Heartbeat Song,Kelly Clarkson,2015,91
9677,Don't,Ed Sheeran,2015,92
9678,Ghost,Ella Henderson,2015,93
9679,Here,Alessia Cara,2015,94
9680,Waves,Mr. Probz,2015,95
9682,She Knows,Ne-Yo Featuring Juicy J,2015,97
9683,Night Changes,One Direction,2015,98
9684,Back To Back,Drake,2015,99
9685,How Deep Is Your Love,Calvin Harris & Disciples,2015,100
9686,Love Yourself,Justin Bieber,2016,1
9687,Sorry,Justin Bieber,2016,2
9688,One Dance,Drake Featuring WizKid & Kyla,2016,3
9689,Work,Rihanna Featuring Drake,2016,4
9690,Stressed Out,twenty one pilots,2016,5
9691,Panda,Desiigner,2016,6
9692,Hello,Adele,2016,7
9693,Don't Let Me Down,The Chainsmokers Featuring Daya,2016,8
9694,Can't Stop The Feeling!,Justin Timberlake,2016,9
9695,Closer,The Chainsmokers Featuring Halsey,2016,10
9696,Cheap Thrills,Sia Featuring Sean Paul,2016,11
9697,7 Years,Lukas Graham,2016,12
9698,Needed Me,Rihanna,2016,13
9699,My House,Flo Rida,2016,14
9700,I Took A Pill In Ibiza,Mike Posner,2016,15
9701,Work From Home,Fifth Harmony Featuring Ty Dolla $ign,2016,16
9702,This Is What You Came For,Calvin Harris Featuring Rihanna,2016,17
9703,Cake By The Ocean,DNCE,2016,18
9704,"Me, Myself & I",G-Eazy x Bebe Rexha,2016,19
9705,Ride,twenty one pilots,2016,20
9706,Heathens,twenty one pilots,2016,21
9707,Pillowtalk,Zayn,2016,22
9708,Stitches,Shawn Mendes,2016,23
9709,Hotline Bling,Drake,2016,24
9710,Cold Water,Major Lazer Featuring Justin Bieber & MO,2016,25
9711,Send My Love (To Your New Lover),Adele,2016,26
9712,Roses,The Chainsmokers Featuring Rozes,2016,27
9713,Treat You Better,Shawn Mendes,2016,28
9714,Too Good,Drake Featuring Rihanna,2016,29
9715,Low Life,Future Featuring The Weeknd,2016,30
9716,What Do You Mean?,Justin Bieber,2016,31
9717,The Hills,The Weeknd,2016,32
9718,Just Like Fire,P!nk,2016,33
9719,Broccoli,D.R.A.M. Featuring Lil Yachty,2016,34
9720,Don't,Bryson Tiller,2016,35
9721,Dangerous Woman,Ariana Grande,2016,36
9722,Jumpman,Drake & Future,2016,37
9723,I Hate U I Love U,gnash Featuring Olivia O'Brien,2016,38
9724,Here,Alessia Cara,2016,39
9725,Same Old Love,Selena Gomez,2016,40
9726,Controlla,Drake,2016,41
9727,Like I'm Gonna Lose You,Meghan Trainor Featuring John Legend,2016,42
9728,One Call Away,Charlie Puth,2016,43
9729,Let It Go,James Bay,2016,44
9730,No,Meghan Trainor,2016,45
9731,Never Forget You,Zara Larsson & MNEK,2016,46
9732,Let Me Love You,DJ Snake Featuring Justin Bieber,2016,47
9733,Don't Mind,Kent Jones,2016,48
9734,H.O.L.Y.,Florida Georgia Line,2016,49
9735,We Don't Talk Anymore,Charlie Puth Featuring Selena Gomez,2016,50
9736,Into You,Ariana Grande,2016,51
9737,Gold,Kiiara,2016,52
9738,Exchange,Bryson Tiller,2016,53
9739,679,Fetty Wap Featuring Remy Boyz,2016,54
9740,Oui,Jeremih,2016,55
9741,Hands To Myself,Selena Gomez,2016,56
9742,2 Phones,Kevin Gates,2016,57
9743,Starboy,The Weeknd Featuring Daft Punk,2016,58
9744,For Free,DJ Khaled Featuring Drake,2016,59
9745,Never Be Like You,Flume Featuring Kai,2016,60
9746,In The Night,The Weeknd,2016,61
9747,Me Too,Meghan Trainor,2016,62
9748,Ex's & Oh's,Elle King,2016,63
9749,Die A Happy Man,Thomas Rhett,2016,64
9750,White Iverson,Post Malone,2016,65
9751,Close,Nick Jonas Featuring Tove Lo,2016,66
9752,Unsteady,X Ambassadors,2016,67
9753,Sucker For Pain,"Lil Wayne, Wiz Khalifa & Imagine Dragons With Logic & Ty Dolla $ign Feat. X Ambassadors",2016,68
9754,Down In The DM,Yo Gotti Featuring Nicki Minaj,2016,69
9755,Luv,Tory Lanez,2016,70
9756,Sorry,Beyonce,2016,71
9757,Can't Feel My Face,The Weeknd,2016,72
9758,Hymn For The Weekend,Coldplay,2016,73
9759,Say It,Tory Lanez,2016,74
9760,Antidote,Travis Scott,2016,75
9761,Lost Boy,Ruth B,2016,76
9762,Side To Side,Ariana Grande Featuring Nicki Minaj,2016,77
9763,"Sit Still, Look Pretty",Daya,2016,78
9764,Wildest Dreams,Taylor Swift,2016,79
9765,Middle,DJ Snake Featuring Bipolar Sunshine,2016,80
9766,On My Mind,Ellie Goulding,2016,81
9767,Pop Style,Drake Featuring The Throne,2016,82
9768,When We Were Young,Adele,2016,83
9769,Hide Away,Daya,2016,84
9770,Lean On,Major Lazer & DJ Snake Featuring MO,2016,85
9771,I Know What You Did Last Summer,Shawn Mendes & Camila Cabello,2016,86
9772,Watch Me,Silento,2016,88
9773,Back To Sleep,Chris Brown,2016,89
9774,No Limit,Usher Featuring Young Thug,2016,90
9775,Cut It,O.T. Genasis Featuring Young Dolph,2016,91
9776,Really Really,Kevin Gates,2016,92
9777,All In My Head (Flex),Fifth Harmony Featuring Fetty Wap,2016,93
9778,Starving,Hailee Steinfeld & Grey Featuring Zedd,2016,94
9779,Adventure Of A Lifetime,Coldplay,2016,95
9780,Humble And Kind,Tim McGraw,2016,96
9781,Wicked,Future,2016,97
9782,Tiimmy Turner,Desiigner,2016,98
9783,See You Again,Wiz Khalifa Featuring Charlie Puth,2016,99
9784,Perfect,One Direction,2016,100
